Workbook

Sheet วิธีใช้
A1: เทมเพลตแปลงงบทดลอง: ยอดยกมา / ยอดยกไป
A3: หลักการ:
A4: ยอดคงเหลือ (ยอดยกไป) คำนวณจาก EndDr, EndCr ตามหลักบัญชีคู่ —
A5: หมวดสินทรัพย์/ค่าใช้จ่าย (รหัสขึ้นต้น 1, 5) = EndDr - EndCr
A6: หมวดหนี้สิน/ทุน/รายได้ (รหัสขึ้นต้น 2, 3, 4) = EndCr - EndDr
A8: ขั้นตอนการใช้งานทุกเดือน (ปกติ ไม่ใช่รอยต่อปีงบ):
A9: 1) เปิดชีต 'เดือนก่อนหน้า' — วางข้อมูลงบทดลองดิบของเดือนก่อนหน้า
A10: (6 คอลัมน์: รหัสบัญชี, ชื่อบัญชี, Dr, Cr, EndDr, EndCr) ลงในพื้นที่สีเหลือง
A11: เริ่มจากแถวที่ 2 (ลบแถวตัวอย่างออกก่อนวางข้อมูลจริง)
A12: 2) เปิดชีต 'เดือนปัจจุบัน' — วางข้อมูลงบทดลองดิบของเดือนปัจจุบันแบบเดียวกัน
A13: 3) เปิดชีต 'ผลลัพธ์' — จะได้ผลลัพธ์ 6 คอลัมน์ทันทีแบบอัตโนมัติ:
A14: รหัสบัญชี, ชื่อบัญชี, ยอดยกมา (=ยอดยกไปของเดือนก่อนหน้า),
... A65: (อย่าใช้ Ctrl+V วางธรรมดา เพราะอาจดึงรูปแบบตัวเลขจากต้นทางมาด้วย)

Sheet เดือนก่อนหน้า
A1: รหัสบัญชี | B1: ชื่อบัญชี | C1: Dr | D1: Cr | E1: EndDr | F1: EndCr | G1: ยอดยกไป (คำนวณอัตโนมัติ) | I1: ตรวจสอบ (คำนวณอัตโนมัติ) | K1: คำอธิบาย
A2: 1101010101.101 | B2: เงินสด (ตัวอย่าง) | C2: 100000 | D2: 50000 | E2: 500000 | F2: 0 | G2: =IF($A2="","",IF(OR(LEFT($A2,1)="2",LEFT($A2,1)="3",LEFT($A2,1)="4"),$F2-$E2,$E2-$F2)) -> 500000 | I2: =IF($A2="","",IF(COUNTIF(เดือนปัจจุบัน!$A$2:$A$3002,$A2)=0,"⚠ ไม่มีใน เดือนปัจจุบัน","")) | K2: A: รหัสบัญชี — วางที่นี่ (คอลัมน์สีเหลือง = ช่องให้วางข้อมูล)
G3: =IF($A3="","",IF(OR(LEFT($A3,1)="2",LEFT($A3,1)="3",LEFT($A3,1)="4"),$F3-$E3,$E3-$F3)) | I3: =IF($A3="","",IF(COUNTIF(เดือนปัจจุบัน!$A$2:$A$3002,$A3)=0,"⚠ ไม่มีใน เดือนปัจจุบัน","")) | K3: B: ชื่อบัญชี — วางที่นี่
G4: =IF($A4="","",IF(OR(LEFT($A4,1)="2",LEFT($A4,1)="3",LEFT($A4,1)="4"),$F4-$E4,$E4-$F4)) | I4: =IF($A4="","",IF(COUNTIF(เดือนปัจจุบัน!$A$2:$A$3002,$A4)=0,"⚠ ไม่มีใน เดือนปัจจุบัน","")) | K4: C: Dr (ยอดเดบิตเคลื่อนไหวเฉพาะเดือนนี้) — วางที่นี่
G5: =IF($A5="","",IF(OR(LEFT($A5,1)="2",LEFT($A5,1)="3",LEFT($A5,1)="4"),$F5-$E5,$E5-$F5)) | I5: =IF($A5="","",IF(COUNTIF(เดือนปัจจุบัน!$A$2:$A$3002,$A5)=0,"⚠ ไม่มีใน เดือนปัจจุบัน","")) | K5: D: Cr (ยอดเครดิตเคลื่อนไหวเฉพาะเดือนนี้) — วางที่นี่
G6: =IF($A6="","",IF(OR(LEFT($A6,1)="2",LEFT($A6,1)="3",LEFT($A6,1)="4"),$F6-$E6,$E6-$F6)) | I6: =IF($A6="","",IF(COUNTIF(เดือนปัจจุบัน!$A$2:$A$3002,$A6)=0,"⚠ ไม่มีใน เดือนปัจจุบัน","")) | K6: E: EndDr (ยอดเดบิตคงเหลือสะสม ณ สิ้นเดือนนี้) — วางที่นี่
G7: =IF($A7="","",IF(OR(LEFT($A7,1)="2",LEFT($A7,1)="3",LEFT($A7,1)="4"),$F7-$E7,$E7-$F7)) | I7: =IF($A7="","",IF(COUNTIF(เดือนปัจจุบัน!$A$2:$A$3002,$A7)=0,"⚠ ไม่มีใน เดือนปัจจุบัน","")) | K7: F: EndCr (ยอดเครดิตคงเหลือสะสม ณ สิ้นเดือนนี้) — วางที่นี่
G8: =IF($A8="","",IF(OR(LEFT($A8,1)="2",LEFT($A8,1)="3",LEFT($A8,1)="4"),$F8-$E8,$E8-$F8)) | I8: =IF($A8="","",IF(COUNTIF(เดือนปัจจุบัน!$A$2:$A$3002,$A8)=0,"⚠ ไม่มีใน เดือนปัจจุบัน","")) | K8: G: คำนวณให้อัตโนมัติ ห้ามแก้ไข: สินทรัพย์/ค่าใช้จ่าย(1,5)=EndDr-EndCr, หนี้สิน/ทุน/รายได้(2,3,4)=EndCr-EndDr
G9: =IF($A9="","",IF(OR(LEFT($A9,1)="2",LEFT($A9,1)="3",LEFT($A9,1)="4"),$F9-$E9,$E9-$F9)) | I9: =IF($A9="","",IF(COUNTIF(เดือนปัจจุบัน!$A$2:$A$3002,$A9)=0,"⚠ ไม่มีใน เดือนปัจจุบัน","")) | K9: I: เตือนอัตโนมัติถ้ารหัสบัญชีนี้ไม่พบใน 'เดือนปัจจุบัน' เลย (เผื่อบัญชีตกหล่น/พิมพ์รหัสผิด)
G10: =IF($A10="","",IF(OR(LEFT($A10,1)="2",LEFT($A10,1)="3",LEFT($A10,1)="4"),$F10-$E10,$E10-$F10)) | I10: =IF($A10="","",IF(COUNTIF(เดือนปัจจุบัน!$A$2:$A$3002,$A10)=0,"⚠ ไม่มีใน เดือนปัจจุบัน",""))
G11: =IF($A11="","",IF(OR(LEFT($A11,1)="2",LEFT($A11,1)="3",LEFT($A11,1)="4"),$F11-$E11,$E11-$F11)) | I11: =IF($A11="","",IF(COUNTIF(เดือนปัจจุบัน!$A$2:$A$3002,$A11)=0,"⚠ ไม่มีใน เดือนปัจจุบัน",""))
G12: =IF($A12="","",IF(OR(LEFT($A12,1)="2",LEFT($A12,1)="3",LEFT($A12,1)="4"),$F12-$E12,$E12-$F12)) | I12: =IF($A12="","",IF(COUNTIF(เดือนปัจจุบัน!$A$2:$A$3002,$A12)=0,"⚠ ไม่มีใน เดือนปัจจุบัน",""))
G13: =IF($A13="","",IF(OR(LEFT($A13,1)="2",LEFT($A13,1)="3",LEFT($A13,1)="4"),$F13-$E13,$E13-$F13)) | I13: =IF($A13="","",IF(COUNTIF(เดือนปัจจุบัน!$A$2:$A$3002,$A13)=0,"⚠ ไม่มีใน เดือนปัจจุบัน",""))
G14: =IF($A14="","",IF(OR(LEFT($A14,1)="2",LEFT($A14,1)="3",LEFT($A14,1)="4"),$F14-$E14,$E14-$F14)) | I14: =IF($A14="","",IF(COUNTIF(เดือนปัจจุบัน!$A$2:$A$3002,$A14)=0,"⚠ ไม่มีใน เดือนปัจจุบัน",""))
G15: =IF($A15="","",IF(OR(LEFT($A15,1)="2",LEFT($A15,1)="3",LEFT($A15,1)="4"),$F15-$E15,$E15-$F15)) | I15: =IF($A15="","",IF(COUNTIF(เดือนปัจจุบัน!$A$2:$A$3002,$A15)=0,"⚠ ไม่มีใน เดือนปัจจุบัน",""))
G16: =IF($A16="","",IF(OR(LEFT($A16,1)="2",LEFT($A16,1)="3",LEFT($A16,1)="4"),$F16-$E16,$E16-$F16)) | I16: =IF($A16="","",IF(COUNTIF(เดือนปัจจุบัน!$A$2:$A$3002,$A16)=0,"⚠ ไม่มีใน เดือนปัจจุบัน",""))
G17: =IF($A17="","",IF(OR(LEFT($A17,1)="2",LEFT($A17,1)="3",LEFT($A17,1)="4"),$F17-$E17,$E17-$F17)) | I17: =IF($A17="","",IF(COUNTIF(เดือนปัจจุบัน!$A$2:$A$3002,$A17)=0,"⚠ ไม่มีใน เดือนปัจจุบัน",""))
G18: =IF($A18="","",IF(OR(LEFT($A18,1)="2",LEFT($A18,1)="3",LEFT($A18,1)="4"),$F18-$E18,$E18-$F18)) | I18: =IF($A18="","",IF(COUNTIF(เดือนปัจจุบัน!$A$2:$A$3002,$A18)=0,"⚠ ไม่มีใน เดือนปัจจุบัน",""))
G19: =IF($A19="","",IF(OR(LEFT($A19,1)="2",LEFT($A19,1)="3",LEFT($A19,1)="4"),$F19-$E19,$E19-$F19)) | I19: =IF($A19="","",IF(COUNTIF(เดือนปัจจุบัน!$A$2:$A$3002,$A19)=0,"⚠ ไม่มีใน เดือนปัจจุบัน",""))
G20: =IF($A20="","",IF(OR(LEFT($A20,1)="2",LEFT($A20,1)="3",LEFT($A20,1)="4"),$F20-$E20,$E20-$F20)) | I20: =IF($A20="","",IF(COUNTIF(เดือนปัจจุบัน!$A$2:$A$3002,$A20)=0,"⚠ ไม่มีใน เดือนปัจจุบัน",""))
G21: =IF($A21="","",IF(OR(LEFT($A21,1)="2",LEFT($A21,1)="3",LEFT($A21,1)="4"),$F21-$E21,$E21-$F21)) | I21: =IF($A21="","",IF(COUNTIF(เดือนปัจจุบัน!$A$2:$A$3002,$A21)=0,"⚠ ไม่มีใน เดือนปัจจุบัน",""))
... G3002: =IF($A3002="","",IF(OR(LEFT($A3002,1)="2",LEFT($A3002,1)="3",LEFT($A3002,1)="4"),$F3002-$E3002,$E3002-$F3002)) | I3002: =IF($A3002="","",IF(COUNTIF(เดือนปัจจุบัน!$A$2:$A$3002,$A3002)=0,"⚠ ไม่มีใน เดือนปัจจุบัน",""))

Sheet เดือนปัจจุบัน
A1: รหัสบัญชี | B1: ชื่อบัญชี | C1: Dr | D1: Cr | E1: EndDr | F1: EndCr | G1: ยอดยกไป (คำนวณอัตโนมัติ) | I1: ตรวจสอบ (คำนวณอัตโนมัติ) | K1: คำอธิบาย
A2: 1101010101.101 | B2: เงินสด (ตัวอย่าง) | C2: 100000 | D2: 50000 | E2: 500000 | F2: 0 | G2: =IF($A2="","",IF(OR(LEFT($A2,1)="2",LEFT($A2,1)="3",LEFT($A2,1)="4"),$F2-$E2,$E2-$F2)) -> 500000 | I2: =IF($A2="","",IF(COUNTIF(เดือนก่อนหน้า!$A$2:$A$3002,$A2)=0,"⚠ ไม่มีใน เดือนก่อนหน้า","")) | K2: A: รหัสบัญชี — วางที่นี่ (คอลัมน์สีเหลือง = ช่องให้วางข้อมูล)
G3: =IF($A3="","",IF(OR(LEFT($A3,1)="2",LEFT($A3,1)="3",LEFT($A3,1)="4"),$F3-$E3,$E3-$F3)) | I3: =IF($A3="","",IF(COUNTIF(เดือนก่อนหน้า!$A$2:$A$3002,$A3)=0,"⚠ ไม่มีใน เดือนก่อนหน้า","")) | K3: B: ชื่อบัญชี — วางที่นี่
G4: =IF($A4="","",IF(OR(LEFT($A4,1)="2",LEFT($A4,1)="3",LEFT($A4,1)="4"),$F4-$E4,$E4-$F4)) | I4: =IF($A4="","",IF(COUNTIF(เดือนก่อนหน้า!$A$2:$A$3002,$A4)=0,"⚠ ไม่มีใน เดือนก่อนหน้า","")) | K4: C: Dr (ยอดเดบิตเคลื่อนไหวเฉพาะเดือนนี้) — วางที่นี่
G5: =IF($A5="","",IF(OR(LEFT($A5,1)="2",LEFT($A5,1)="3",LEFT($A5,1)="4"),$F5-$E5,$E5-$F5)) | I5: =IF($A5="","",IF(COUNTIF(เดือนก่อนหน้า!$A$2:$A$3002,$A5)=0,"⚠ ไม่มีใน เดือนก่อนหน้า","")) | K5: D: Cr (ยอดเครดิตเคลื่อนไหวเฉพาะเดือนนี้) — วางที่นี่
G6: =IF($A6="","",IF(OR(LEFT($A6,1)="2",LEFT($A6,1)="3",LEFT($A6,1)="4"),$F6-$E6,$E6-$F6)) | I6: =IF($A6="","",IF(COUNTIF(เดือนก่อนหน้า!$A$2:$A$3002,$A6)=0,"⚠ ไม่มีใน เดือนก่อนหน้า","")) | K6: E: EndDr (ยอดเดบิตคงเหลือสะสม ณ สิ้นเดือนนี้) — วางที่นี่
G7: =IF($A7="","",IF(OR(LEFT($A7,1)="2",LEFT($A7,1)="3",LEFT($A7,1)="4"),$F7-$E7,$E7-$F7)) | I7: =IF($A7="","",IF(COUNTIF(เดือนก่อนหน้า!$A$2:$A$3002,$A7)=0,"⚠ ไม่มีใน เดือนก่อนหน้า","")) | K7: F: EndCr (ยอดเครดิตคงเหลือสะสม ณ สิ้นเดือนนี้) — วางที่นี่
G8: =IF($A8="","",IF(OR(LEFT($A8,1)="2",LEFT($A8,1)="3",LEFT($A8,1)="4"),$F8-$E8,$E8-$F8)) | I8: =IF($A8="","",IF(COUNTIF(เดือนก่อนหน้า!$A$2:$A$3002,$A8)=0,"⚠ ไม่มีใน เดือนก่อนหน้า","")) | K8: G: คำนวณให้อัตโนมัติ ห้ามแก้ไข: สินทรัพย์/ค่าใช้จ่าย(1,5)=EndDr-EndCr, หนี้สิน/ทุน/รายได้(2,3,4)=EndCr-EndDr
G9: =IF($A9="","",IF(OR(LEFT($A9,1)="2",LEFT($A9,1)="3",LEFT($A9,1)="4"),$F9-$E9,$E9-$F9)) | I9: =IF($A9="","",IF(COUNTIF(เดือนก่อนหน้า!$A$2:$A$3002,$A9)=0,"⚠ ไม่มีใน เดือนก่อนหน้า","")) | K9: I: เตือนอัตโนมัติถ้ารหัสบัญชีนี้ไม่พบใน 'เดือนก่อนหน้า' เลย (เผื่อบัญชีตกหล่น/พิมพ์รหัสผิด)
G10: =IF($A10="","",IF(OR(LEFT($A10,1)="2",LEFT($A10,1)="3",LEFT($A10,1)="4"),$F10-$E10,$E10-$F10)) | I10: =IF($A10="","",IF(COUNTIF(เดือนก่อนหน้า!$A$2:$A$3002,$A10)=0,"⚠ ไม่มีใน เดือนก่อนหน้า",""))
G11: =IF($A11="","",IF(OR(LEFT($A11,1)="2",LEFT($A11,1)="3",LEFT($A11,1)="4"),$F11-$E11,$E11-$F11)) | I11: =IF($A11="","",IF(COUNTIF(เดือนก่อนหน้า!$A$2:$A$3002,$A11)=0,"⚠ ไม่มีใน เดือนก่อนหน้า",""))
G12: =IF($A12="","",IF(OR(LEFT($A12,1)="2",LEFT($A12,1)="3",LEFT($A12,1)="4"),$F12-$E12,$E12-$F12)) | I12: =IF($A12="","",IF(COUNTIF(เดือนก่อนหน้า!$A$2:$A$3002,$A12)=0,"⚠ ไม่มีใน เดือนก่อนหน้า",""))
G13: =IF($A13="","",IF(OR(LEFT($A13,1)="2",LEFT($A13,1)="3",LEFT($A13,1)="4"),$F13-$E13,$E13-$F13)) | I13: =IF($A13="","",IF(COUNTIF(เดือนก่อนหน้า!$A$2:$A$3002,$A13)=0,"⚠ ไม่มีใน เดือนก่อนหน้า",""))
G14: =IF($A14="","",IF(OR(LEFT($A14,1)="2",LEFT($A14,1)="3",LEFT($A14,1)="4"),$F14-$E14,$E14-$F14)) | I14: =IF($A14="","",IF(COUNTIF(เดือนก่อนหน้า!$A$2:$A$3002,$A14)=0,"⚠ ไม่มีใน เดือนก่อนหน้า",""))
G15: =IF($A15="","",IF(OR(LEFT($A15,1)="2",LEFT($A15,1)="3",LEFT($A15,1)="4"),$F15-$E15,$E15-$F15)) | I15: =IF($A15="","",IF(COUNTIF(เดือนก่อนหน้า!$A$2:$A$3002,$A15)=0,"⚠ ไม่มีใน เดือนก่อนหน้า",""))
G16: =IF($A16="","",IF(OR(LEFT($A16,1)="2",LEFT($A16,1)="3",LEFT($A16,1)="4"),$F16-$E16,$E16-$F16)) | I16: =IF($A16="","",IF(COUNTIF(เดือนก่อนหน้า!$A$2:$A$3002,$A16)=0,"⚠ ไม่มีใน เดือนก่อนหน้า",""))
G17: =IF($A17="","",IF(OR(LEFT($A17,1)="2",LEFT($A17,1)="3",LEFT($A17,1)="4"),$F17-$E17,$E17-$F17)) | I17: =IF($A17="","",IF(COUNTIF(เดือนก่อนหน้า!$A$2:$A$3002,$A17)=0,"⚠ ไม่มีใน เดือนก่อนหน้า",""))
G18: =IF($A18="","",IF(OR(LEFT($A18,1)="2",LEFT($A18,1)="3",LEFT($A18,1)="4"),$F18-$E18,$E18-$F18)) | I18: =IF($A18="","",IF(COUNTIF(เดือนก่อนหน้า!$A$2:$A$3002,$A18)=0,"⚠ ไม่มีใน เดือนก่อนหน้า",""))
G19: =IF($A19="","",IF(OR(LEFT($A19,1)="2",LEFT($A19,1)="3",LEFT($A19,1)="4"),$F19-$E19,$E19-$F19)) | I19: =IF($A19="","",IF(COUNTIF(เดือนก่อนหน้า!$A$2:$A$3002,$A19)=0,"⚠ ไม่มีใน เดือนก่อนหน้า",""))
G20: =IF($A20="","",IF(OR(LEFT($A20,1)="2",LEFT($A20,1)="3",LEFT($A20,1)="4"),$F20-$E20,$E20-$F20)) | I20: =IF($A20="","",IF(COUNTIF(เดือนก่อนหน้า!$A$2:$A$3002,$A20)=0,"⚠ ไม่มีใน เดือนก่อนหน้า",""))
G21: =IF($A21="","",IF(OR(LEFT($A21,1)="2",LEFT($A21,1)="3",LEFT($A21,1)="4"),$F21-$E21,$E21-$F21)) | I21: =IF($A21="","",IF(COUNTIF(เดือนก่อนหน้า!$A$2:$A$3002,$A21)=0,"⚠ ไม่มีใน เดือนก่อนหน้า",""))
... G3002: =IF($A3002="","",IF(OR(LEFT($A3002,1)="2",LEFT($A3002,1)="3",LEFT($A3002,1)="4"),$F3002-$E3002,$E3002-$F3002)) | I3002: =IF($A3002="","",IF(COUNTIF(เดือนก่อนหน้า!$A$2:$A$3002,$A3002)=0,"⚠ ไม่มีใน เดือนก่อนหน้า",""))

Sheet ผลลัพธ์
A1: รหัสบัญชี | B1: ชื่อบัญชี | C1: ยอดยกมา | D1: ยอดยกไป | E1: เดบิต | F1: เครดิต
A2: =IF(เดือนปัจจุบัน!A2="","",เดือนปัจจุบัน!A2) -> 1101010101.101 | B2: =IF(เดือนปัจจุบัน!A2="","",เดือนปัจจุบัน!B2) -> เงินสด (ตัวอย่าง) | C2: =IF($A2="","",IFERROR(INDEX(เดือนก่อนหน้า!$G$2:$G$3002,MATCH($A2,เดือนก่อนหน้า!$A$2:$A$3002,0)),0)) -> 500000 | D2: =IF($A2="","",เดือนปัจจุบัน!G2) -> 500000 | E2: =IF($A2="","",เดือนปัจจุบัน!C2) -> 100000 | F2: =IF($A2="","",เดือนปัจจุบัน!D2) -> 50000
A3: =IF(เดือนปัจจุบัน!A3="","",เดือนปัจจุบัน!A3) | B3: =IF(เดือนปัจจุบัน!A3="","",เดือนปัจจุบัน!B3) | C3: =IF($A3="","",IFERROR(INDEX(เดือนก่อนหน้า!$G$2:$G$3002,MATCH($A3,เดือนก่อนหน้า!$A$2:$A$3002,0)),0)) | D3: =IF($A3="","",เดือนปัจจุบัน!G3) | E3: =IF($A3="","",เดือนปัจจุบัน!C3) | F3: =IF($A3="","",เดือนปัจจุบัน!D3)
A4: =IF(เดือนปัจจุบัน!A4="","",เดือนปัจจุบัน!A4) | B4: =IF(เดือนปัจจุบัน!A4="","",เดือนปัจจุบัน!B4) | C4: =IF($A4="","",IFERROR(INDEX(เดือนก่อนหน้า!$G$2:$G$3002,MATCH($A4,เดือนก่อนหน้า!$A$2:$A$3002,0)),0)) | D4: =IF($A4="","",เดือนปัจจุบัน!G4) | E4: =IF($A4="","",เดือนปัจจุบัน!C4) | F4: =IF($A4="","",เดือนปัจจุบัน!D4)
A5: =IF(เดือนปัจจุบัน!A5="","",เดือนปัจจุบัน!A5) | B5: =IF(เดือนปัจจุบัน!A5="","",เดือนปัจจุบัน!B5) | C5: =IF($A5="","",IFERROR(INDEX(เดือนก่อนหน้า!$G$2:$G$3002,MATCH($A5,เดือนก่อนหน้า!$A$2:$A$3002,0)),0)) | D5: =IF($A5="","",เดือนปัจจุบัน!G5) | E5: =IF($A5="","",เดือนปัจจุบัน!C5) | F5: =IF($A5="","",เดือนปัจจุบัน!D5)
A6: =IF(เดือนปัจจุบัน!A6="","",เดือนปัจจุบัน!A6) | B6: =IF(เดือนปัจจุบัน!A6="","",เดือนปัจจุบัน!B6) | C6: =IF($A6="","",IFERROR(INDEX(เดือนก่อนหน้า!$G$2:$G$3002,MATCH($A6,เดือนก่อนหน้า!$A$2:$A$3002,0)),0)) | D6: =IF($A6="","",เดือนปัจจุบัน!G6) | E6: =IF($A6="","",เดือนปัจจุบัน!C6) | F6: =IF($A6="","",เดือนปัจจุบัน!D6)
A7: =IF(เดือนปัจจุบัน!A7="","",เดือนปัจจุบัน!A7) | B7: =IF(เดือนปัจจุบัน!A7="","",เดือนปัจจุบัน!B7) | C7: =IF($A7="","",IFERROR(INDEX(เดือนก่อนหน้า!$G$2:$G$3002,MATCH($A7,เดือนก่อนหน้า!$A$2:$A$3002,0)),0)) | D7: =IF($A7="","",เดือนปัจจุบัน!G7) | E7: =IF($A7="","",เดือนปัจจุบัน!C7) | F7: =IF($A7="","",เดือนปัจจุบัน!D7)
A8: =IF(เดือนปัจจุบัน!A8="","",เดือนปัจจุบัน!A8) | B8: =IF(เดือนปัจจุบัน!A8="","",เดือนปัจจุบัน!B8) | C8: =IF($A8="","",IFERROR(INDEX(เดือนก่อนหน้า!$G$2:$G$3002,MATCH($A8,เดือนก่อนหน้า!$A$2:$A$3002,0)),0)) | D8: =IF($A8="","",เดือนปัจจุบัน!G8) | E8: =IF($A8="","",เดือนปัจจุบัน!C8) | F8: =IF($A8="","",เดือนปัจจุบัน!D8)
A9: =IF(เดือนปัจจุบัน!A9="","",เดือนปัจจุบัน!A9) | B9: =IF(เดือนปัจจุบัน!A9="","",เดือนปัจจุบัน!B9) | C9: =IF($A9="","",IFERROR(INDEX(เดือนก่อนหน้า!$G$2:$G$3002,MATCH($A9,เดือนก่อนหน้า!$A$2:$A$3002,0)),0)) | D9: =IF($A9="","",เดือนปัจจุบัน!G9) | E9: =IF($A9="","",เดือนปัจจุบัน!C9) | F9: =IF($A9="","",เดือนปัจจุบัน!D9)
A10: =IF(เดือนปัจจุบัน!A10="","",เดือนปัจจุบัน!A10) | B10: =IF(เดือนปัจจุบัน!A10="","",เดือนปัจจุบัน!B10) | C10: =IF($A10="","",IFERROR(INDEX(เดือนก่อนหน้า!$G$2:$G$3002,MATCH($A10,เดือนก่อนหน้า!$A$2:$A$3002,0)),0)) | D10: =IF($A10="","",เดือนปัจจุบัน!G10) | E10: =IF($A10="","",เดือนปัจจุบัน!C10) | F10: =IF($A10="","",เดือนปัจจุบัน!D10)
A11: =IF(เดือนปัจจุบัน!A11="","",เดือนปัจจุบัน!A11) | B11: =IF(เดือนปัจจุบัน!A11="","",เดือนปัจจุบัน!B11) | C11: =IF($A11="","",IFERROR(INDEX(เดือนก่อนหน้า!$G$2:$G$3002,MATCH($A11,เดือนก่อนหน้า!$A$2:$A$3002,0)),0)) | D11: =IF($A11="","",เดือนปัจจุบัน!G11) | E11: =IF($A11="","",เดือนปัจจุบัน!C11) | F11: =IF($A11="","",เดือนปัจจุบัน!D11)
A12: =IF(เดือนปัจจุบัน!A12="","",เดือนปัจจุบัน!A12) | B12: =IF(เดือนปัจจุบัน!A12="","",เดือนปัจจุบัน!B12) | C12: =IF($A12="","",IFERROR(INDEX(เดือนก่อนหน้า!$G$2:$G$3002,MATCH($A12,เดือนก่อนหน้า!$A$2:$A$3002,0)),0)) | D12: =IF($A12="","",เดือนปัจจุบัน!G12) | E12: =IF($A12="","",เดือนปัจจุบัน!C12) | F12: =IF($A12="","",เดือนปัจจุบัน!D12)
A13: =IF(เดือนปัจจุบัน!A13="","",เดือนปัจจุบัน!A13) | B13: =IF(เดือนปัจจุบัน!A13="","",เดือนปัจจุบัน!B13) | C13: =IF($A13="","",IFERROR(INDEX(เดือนก่อนหน้า!$G$2:$G$3002,MATCH($A13,เดือนก่อนหน้า!$A$2:$A$3002,0)),0)) | D13: =IF($A13="","",เดือนปัจจุบัน!G13) | E13: =IF($A13="","",เดือนปัจจุบัน!C13) | F13: =IF($A13="","",เดือนปัจจุบัน!D13)
... A3002: =IF(เดือนปัจจุบัน!A3002="","",เดือนปัจจุบัน!A3002) | B3002: =IF(เดือนปัจจุบัน!A3002="","",เดือนปัจจุบัน!B3002) | C3002: =IF($A3002="","",IFERROR(INDEX(เดือนก่อนหน้า!$G$2:$G$3002,MATCH($A3002,เดือนก่อนหน้า!$A$2:$A$3002,0)),0)) | D3002: =IF($A3002="","",เดือนปัจจุบัน!G3002) | E3002: =IF($A3002="","",เดือนปัจจุบัน!C3002) | F3002: =IF($A3002="","",เดือนปัจจุบัน!D3002)

Sheet ปิดบัญชีปลายปีงบ(ก.ย.->ต.ค.)
A1: ตัวช่วยปิดบัญชีปลายปีงบประมาณ (กันยายน -> ตุลาคม)
A2: ใช้ตอนที่ชีต 'เดือนปัจจุบัน' เป็นข้อมูลเดือนกันยายน (เดือนสุดท้ายของปีงบ) — ชีตนี้จะคำนวณ 'ยอดยกมาของเดือนตุลาคม' ให้ โดยปิดยอดหมวด 4,5 เป็น 0 และโอนกำไร/ขาดทุนสุทธิเข้าบัญชีทุนสะสมที่ระบุด้านล่าง
A4: รหัสบัญชีทุนสะสม/กำไรสะสม (พิมพ์ใส่เมื่อทราบ): | C4: ใส่รหัสบัญชีตรงนี้
A6: รวมรายได้ทั้งปี (หมวด 4): | C6: =SUMIF(เดือนปัจจุบัน!$A$2:$A$3002,"4*",เดือนปัจจุบัน!$G$2:$G$3002) -> 0
A7: รวมค่าใช้จ่ายทั้งปี (หมวด 5): | C7: =SUMIF(เดือนปัจจุบัน!$A$2:$A$3002,"5*",เดือนปัจจุบัน!$G$2:$G$3002) -> 0
A8: กำไร(ขาดทุน)สุทธิของปีนี้ (=รายได้-ค่าใช้จ่าย): | C8: =C6-C7 -> 0
A11: รหัสบัญชี | B11: ชื่อบัญชี | C11: ยอดยกไป ก.ย. (เดิม) | D11: หมายเหตุ | E11: ยอดยกมา ต.ค. (สุทธิ) | G11: พร้อมวางในชีต 'เดือนก่อนหน้า' (เลือกคอลัมน์ H:M ทั้งหมด คัดลอก แล้ว Paste Special -> Values ทับ A2 เป็นต้นไปในชีต 'เดือนก่อนหน้า') | H11: รหัสบัญชี | I11: ชื่อบัญชี | J11: Dr | K11: Cr | L11: EndDr | M11: EndCr
A12: =IF(เดือนปัจจุบัน!A2="","",เดือนปัจจุบัน!A2) -> 1101010101.101 | B12: =IF(เดือนปัจจุบัน!A2="","",เดือนปัจจุบัน!B2) -> เงินสด (ตัวอย่าง) | C12: =IF(เดือนปัจจุบัน!A2="","",เดือนปัจจุบัน!G2) -> 500000 | D12: =IF($A12="","",IF(OR(LEFT($A12,1)="4",LEFT($A12,1)="5"),"ปิดยอดเป็น 0 (บัญชีชั่วคราว)",IF($A12=$C$4,"บวกกำไร/ขาดทุนสุทธิเข้าบัญชีนี้","ยกยอดตามปกติ"))) -> ยกยอดตามปกติ | E12: =IF($A12="","",IF(OR(LEFT($A12,1)="4",LEFT($A12,1)="5"),0,IF($A12=$C$4,$C12+$C$8,$C12))) -> 500000 | H12: =$A12 -> 1101010101.101 | I12: =$B12 -> เงินสด (ตัวอย่าง) | J12: =IF($A12="","",0) -> 0 | K12: =IF($A12="","",0) -> 0 | L12: =IF($A12="","",IF(OR(LEFT($A12,1)="2",LEFT($A12,1)="3",LEFT($A12,1)="4"),MAX(-$E12,0),MAX($E12,0))) -> 500000 | M12: =IF($A12="","",IF(OR(LEFT($A12,1)="2",LEFT($A12,1)="3",LEFT($A12,1)="4"),MAX($E12,0),MAX(-$E12,0))) -> 0
A13: =IF(เดือนปัจจุบัน!A3="","",เดือนปัจจุบัน!A3) | B13: =IF(เดือนปัจจุบัน!A3="","",เดือนปัจจุบัน!B3) | C13: =IF(เดือนปัจจุบัน!A3="","",เดือนปัจจุบัน!G3) | D13: =IF($A13="","",IF(OR(LEFT($A13,1)="4",LEFT($A13,1)="5"),"ปิดยอดเป็น 0 (บัญชีชั่วคราว)",IF($A13=$C$4,"บวกกำไร/ขาดทุนสุทธิเข้าบัญชีนี้","ยกยอดตามปกติ"))) | E13: =IF($A13="","",IF(OR(LEFT($A13,1)="4",LEFT($A13,1)="5"),0,IF($A13=$C$4,$C13+$C$8,$C13))) | H13: =$A13 | I13: =$B13 | J13: =IF($A13="","",0) | K13: =IF($A13="","",0) | L13: =IF($A13="","",IF(OR(LEFT($A13,1)="2",LEFT($A13,1)="3",LEFT($A13,1)="4"),MAX(-$E13,0),MAX($E13,0))) | M13: =IF($A13="","",IF(OR(LEFT($A13,1)="2",LEFT($A13,1)="3",LEFT($A13,1)="4"),MAX($E13,0),MAX(-$E13,0)))
A14: =IF(เดือนปัจจุบัน!A4="","",เดือนปัจจุบัน!A4) | B14: =IF(เดือนปัจจุบัน!A4="","",เดือนปัจจุบัน!B4) | C14: =IF(เดือนปัจจุบัน!A4="","",เดือนปัจจุบัน!G4) | D14: =IF($A14="","",IF(OR(LEFT($A14,1)="4",LEFT($A14,1)="5"),"ปิดยอดเป็น 0 (บัญชีชั่วคราว)",IF($A14=$C$4,"บวกกำไร/ขาดทุนสุทธิเข้าบัญชีนี้","ยกยอดตามปกติ"))) | E14: =IF($A14="","",IF(OR(LEFT($A14,1)="4",LEFT($A14,1)="5"),0,IF($A14=$C$4,$C14+$C$8,$C14))) | H14: =$A14 | I14: =$B14 | J14: =IF($A14="","",0) | K14: =IF($A14="","",0) | L14: =IF($A14="","",IF(OR(LEFT($A14,1)="2",LEFT($A14,1)="3",LEFT($A14,1)="4"),MAX(-$E14,0),MAX($E14,0))) | M14: =IF($A14="","",IF(OR(LEFT($A14,1)="2",LEFT($A14,1)="3",LEFT($A14,1)="4"),MAX($E14,0),MAX(-$E14,0)))
A15: =IF(เดือนปัจจุบัน!A5="","",เดือนปัจจุบัน!A5) | B15: =IF(เดือนปัจจุบัน!A5="","",เดือนปัจจุบัน!B5) | C15: =IF(เดือนปัจจุบัน!A5="","",เดือนปัจจุบัน!G5) | D15: =IF($A15="","",IF(OR(LEFT($A15,1)="4",LEFT($A15,1)="5"),"ปิดยอดเป็น 0 (บัญชีชั่วคราว)",IF($A15=$C$4,"บวกกำไร/ขาดทุนสุทธิเข้าบัญชีนี้","ยกยอดตามปกติ"))) | E15: =IF($A15="","",IF(OR(LEFT($A15,1)="4",LEFT($A15,1)="5"),0,IF($A15=$C$4,$C15+$C$8,$C15))) | H15: =$A15 | I15: =$B15 | J15: =IF($A15="","",0) | K15: =IF($A15="","",0) | L15: =IF($A15="","",IF(OR(LEFT($A15,1)="2",LEFT($A15,1)="3",LEFT($A15,1)="4"),MAX(-$E15,0),MAX($E15,0))) | M15: =IF($A15="","",IF(OR(LEFT($A15,1)="2",LEFT($A15,1)="3",LEFT($A15,1)="4"),MAX($E15,0),MAX(-$E15,0)))
A16: =IF(เดือนปัจจุบัน!A6="","",เดือนปัจจุบัน!A6) | B16: =IF(เดือนปัจจุบัน!A6="","",เดือนปัจจุบัน!B6) | C16: =IF(เดือนปัจจุบัน!A6="","",เดือนปัจจุบัน!G6) | D16: =IF($A16="","",IF(OR(LEFT($A16,1)="4",LEFT($A16,1)="5"),"ปิดยอดเป็น 0 (บัญชีชั่วคราว)",IF($A16=$C$4,"บวกกำไร/ขาดทุนสุทธิเข้าบัญชีนี้","ยกยอดตามปกติ"))) | E16: =IF($A16="","",IF(OR(LEFT($A16,1)="4",LEFT($A16,1)="5"),0,IF($A16=$C$4,$C16+$C$8,$C16))) | H16: =$A16 | I16: =$B16 | J16: =IF($A16="","",0) | K16: =IF($A16="","",0) | L16: =IF($A16="","",IF(OR(LEFT($A16,1)="2",LEFT($A16,1)="3",LEFT($A16,1)="4"),MAX(-$E16,0),MAX($E16,0))) | M16: =IF($A16="","",IF(OR(LEFT($A16,1)="2",LEFT($A16,1)="3",LEFT($A16,1)="4"),MAX($E16,0),MAX(-$E16,0)))
A17: =IF(เดือนปัจจุบัน!A7="","",เดือนปัจจุบัน!A7) | B17: =IF(เดือนปัจจุบัน!A7="","",เดือนปัจจุบัน!B7) | C17: =IF(เดือนปัจจุบัน!A7="","",เดือนปัจจุบัน!G7) | D17: =IF($A17="","",IF(OR(LEFT($A17,1)="4",LEFT($A17,1)="5"),"ปิดยอดเป็น 0 (บัญชีชั่วคราว)",IF($A17=$C$4,"บวกกำไร/ขาดทุนสุทธิเข้าบัญชีนี้","ยกยอดตามปกติ"))) | E17: =IF($A17="","",IF(OR(LEFT($A17,1)="4",LEFT($A17,1)="5"),0,IF($A17=$C$4,$C17+$C$8,$C17))) | H17: =$A17 | I17: =$B17 | J17: =IF($A17="","",0) | K17: =IF($A17="","",0) | L17: =IF($A17="","",IF(OR(LEFT($A17,1)="2",LEFT($A17,1)="3",LEFT($A17,1)="4"),MAX(-$E17,0),MAX($E17,0))) | M17: =IF($A17="","",IF(OR(LEFT($A17,1)="2",LEFT($A17,1)="3",LEFT($A17,1)="4"),MAX($E17,0),MAX(-$E17,0)))
A18: =IF(เดือนปัจจุบัน!A8="","",เดือนปัจจุบัน!A8) | B18: =IF(เดือนปัจจุบัน!A8="","",เดือนปัจจุบัน!B8) | C18: =IF(เดือนปัจจุบัน!A8="","",เดือนปัจจุบัน!G8) | D18: =IF($A18="","",IF(OR(LEFT($A18,1)="4",LEFT($A18,1)="5"),"ปิดยอดเป็น 0 (บัญชีชั่วคราว)",IF($A18=$C$4,"บวกกำไร/ขาดทุนสุทธิเข้าบัญชีนี้","ยกยอดตามปกติ"))) | E18: =IF($A18="","",IF(OR(LEFT($A18,1)="4",LEFT($A18,1)="5"),0,IF($A18=$C$4,$C18+$C$8,$C18))) | H18: =$A18 | I18: =$B18 | J18: =IF($A18="","",0) | K18: =IF($A18="","",0) | L18: =IF($A18="","",IF(OR(LEFT($A18,1)="2",LEFT($A18,1)="3",LEFT($A18,1)="4"),MAX(-$E18,0),MAX($E18,0))) | M18: =IF($A18="","",IF(OR(LEFT($A18,1)="2",LEFT($A18,1)="3",LEFT($A18,1)="4"),MAX($E18,0),MAX(-$E18,0)))
A19: =IF(เดือนปัจจุบัน!A9="","",เดือนปัจจุบัน!A9) | B19: =IF(เดือนปัจจุบัน!A9="","",เดือนปัจจุบัน!B9) | C19: =IF(เดือนปัจจุบัน!A9="","",เดือนปัจจุบัน!G9) | D19: =IF($A19="","",IF(OR(LEFT($A19,1)="4",LEFT($A19,1)="5"),"ปิดยอดเป็น 0 (บัญชีชั่วคราว)",IF($A19=$C$4,"บวกกำไร/ขาดทุนสุทธิเข้าบัญชีนี้","ยกยอดตามปกติ"))) | E19: =IF($A19="","",IF(OR(LEFT($A19,1)="4",LEFT($A19,1)="5"),0,IF($A19=$C$4,$C19+$C$8,$C19))) | H19: =$A19 | I19: =$B19 | J19: =IF($A19="","",0) | K19: =IF($A19="","",0) | L19: =IF($A19="","",IF(OR(LEFT($A19,1)="2",LEFT($A19,1)="3",LEFT($A19,1)="4"),MAX(-$E19,0),MAX($E19,0))) | M19: =IF($A19="","",IF(OR(LEFT($A19,1)="2",LEFT($A19,1)="3",LEFT($A19,1)="4"),MAX($E19,0),MAX(-$E19,0)))
A20: =IF(เดือนปัจจุบัน!A10="","",เดือนปัจจุบัน!A10) | B20: =IF(เดือนปัจจุบัน!A10="","",เดือนปัจจุบัน!B10) | C20: =IF(เดือนปัจจุบัน!A10="","",เดือนปัจจุบัน!G10) | D20: =IF($A20="","",IF(OR(LEFT($A20,1)="4",LEFT($A20,1)="5"),"ปิดยอดเป็น 0 (บัญชีชั่วคราว)",IF($A20=$C$4,"บวกกำไร/ขาดทุนสุทธิเข้าบัญชีนี้","ยกยอดตามปกติ"))) | E20: =IF($A20="","",IF(OR(LEFT($A20,1)="4",LEFT($A20,1)="5"),0,IF($A20=$C$4,$C20+$C$8,$C20))) | H20: =$A20 | I20: =$B20 | J20: =IF($A20="","",0) | K20: =IF($A20="","",0) | L20: =IF($A20="","",IF(OR(LEFT($A20,1)="2",LEFT($A20,1)="3",LEFT($A20,1)="4"),MAX(-$E20,0),MAX($E20,0))) | M20: =IF($A20="","",IF(OR(LEFT($A20,1)="2",LEFT($A20,1)="3",LEFT($A20,1)="4"),MAX($E20,0),MAX(-$E20,0)))
A21: =IF(เดือนปัจจุบัน!A11="","",เดือนปัจจุบัน!A11) | B21: =IF(เดือนปัจจุบัน!A11="","",เดือนปัจจุบัน!B11) | C21: =IF(เดือนปัจจุบัน!A11="","",เดือนปัจจุบัน!G11) | D21: =IF($A21="","",IF(OR(LEFT($A21,1)="4",LEFT($A21,1)="5"),"ปิดยอดเป็น 0 (บัญชีชั่วคราว)",IF($A21=$C$4,"บวกกำไร/ขาดทุนสุทธิเข้าบัญชีนี้","ยกยอดตามปกติ"))) | E21: =IF($A21="","",IF(OR(LEFT($A21,1)="4",LEFT($A21,1)="5"),0,IF($A21=$C$4,$C21+$C$8,$C21))) | H21: =$A21 | I21: =$B21 | J21: =IF($A21="","",0) | K21: =IF($A21="","",0) | L21: =IF($A21="","",IF(OR(LEFT($A21,1)="2",LEFT($A21,1)="3",LEFT($A21,1)="4"),MAX(-$E21,0),MAX($E21,0))) | M21: =IF($A21="","",IF(OR(LEFT($A21,1)="2",LEFT($A21,1)="3",LEFT($A21,1)="4"),MAX($E21,0),MAX(-$E21,0)))
A22: =IF(เดือนปัจจุบัน!A12="","",เดือนปัจจุบัน!A12) | B22: =IF(เดือนปัจจุบัน!A12="","",เดือนปัจจุบัน!B12) | C22: =IF(เดือนปัจจุบัน!A12="","",เดือนปัจจุบัน!G12) | D22: =IF($A22="","",IF(OR(LEFT($A22,1)="4",LEFT($A22,1)="5"),"ปิดยอดเป็น 0 (บัญชีชั่วคราว)",IF($A22=$C$4,"บวกกำไร/ขาดทุนสุทธิเข้าบัญชีนี้","ยกยอดตามปกติ"))) | E22: =IF($A22="","",IF(OR(LEFT($A22,1)="4",LEFT($A22,1)="5"),0,IF($A22=$C$4,$C22+$C$8,$C22))) | H22: =$A22 | I22: =$B22 | J22: =IF($A22="","",0) | K22: =IF($A22="","",0) | L22: =IF($A22="","",IF(OR(LEFT($A22,1)="2",LEFT($A22,1)="3",LEFT($A22,1)="4"),MAX(-$E22,0),MAX($E22,0))) | M22: =IF($A22="","",IF(OR(LEFT($A22,1)="2",LEFT($A22,1)="3",LEFT($A22,1)="4"),MAX($E22,0),MAX(-$E22,0)))
A23: =IF(เดือนปัจจุบัน!A13="","",เดือนปัจจุบัน!A13) | B23: =IF(เดือนปัจจุบัน!A13="","",เดือนปัจจุบัน!B13) | C23: =IF(เดือนปัจจุบัน!A13="","",เดือนปัจจุบัน!G13) | D23: =IF($A23="","",IF(OR(LEFT($A23,1)="4",LEFT($A23,1)="5"),"ปิดยอดเป็น 0 (บัญชีชั่วคราว)",IF($A23=$C$4,"บวกกำไร/ขาดทุนสุทธิเข้าบัญชีนี้","ยกยอดตามปกติ"))) | E23: =IF($A23="","",IF(OR(LEFT($A23,1)="4",LEFT($A23,1)="5"),0,IF($A23=$C$4,$C23+$C$8,$C23))) | H23: =$A23 | I23: =$B23 | J23: =IF($A23="","",0) | K23: =IF($A23="","",0) | L23: =IF($A23="","",IF(OR(LEFT($A23,1)="2",LEFT($A23,1)="3",LEFT($A23,1)="4"),MAX(-$E23,0),MAX($E23,0))) | M23: =IF($A23="","",IF(OR(LEFT($A23,1)="2",LEFT($A23,1)="3",LEFT($A23,1)="4"),MAX($E23,0),MAX(-$E23,0)))
... A3012: =IF(เดือนปัจจุบัน!A3002="","",เดือนปัจจุบัน!A3002) | B3012: =IF(เดือนปัจจุบัน!A3002="","",เดือนปัจจุบัน!B3002) | C3012: =IF(เดือนปัจจุบัน!A3002="","",เดือนปัจจุบัน!G3002) | D3012: =IF($A3012="","",IF(OR(LEFT($A3012,1)="4",LEFT($A3012,1)="5"),"ปิดยอดเป็น 0 (บัญชีชั่วคราว)",IF($A3012=$C$4,"บวกกำไร/ขาดทุนสุทธิเข้าบัญชีนี้","ยกยอดตามปกติ"))) | E3012: =IF($A3012="","",IF(OR(LEFT($A3012,1)="4",LEFT($A3012,1)="5"),0,IF($A3012=$C$4,$C3012+$C$8,$C3012))) | H3012: =$A3012 | I3012: =$B3012 | J3012: =IF($A3012="","",0) | K3012: =IF($A3012="","",0) | L3012: =IF($A3012="","",IF(OR(LEFT($A3012,1)="2",LEFT($A3012,1)="3",LEFT($A3012,1)="4"),MAX(-$E3012,0),MAX($E3012,0))) | M3012: =IF($A3012="","",IF(OR(LEFT($A3012,1)="2",LEFT($A3012,1)="3",LEFT($A3012,1)="4"),MAX($E3012,0),MAX(-$E3012,0)))
